{
  "best_arch": [
    3,
    2,
    3,
    1,
    2,
    3
  ],
  "best_accuracy": 94.29666666666667,
  "accuracy_history": [
    92.30666666666667,
    93.63499999999999,
    91.95,
    91.96333333333332,
    93.17,
    92.02999999999999,
    93.60000000000001,
    93.38333333333333,
    92.975,
    92.01666666666667,
    92.44333333333334,
    93.705,
    93.41999999999999,
    93.13,
    91.275,
    92.05333333333333,
    93.56,
    90.72,
    92.35333333333334,
    92.86333333333334,
    93.04666666666667,
    92.52000000000001,
    92.255,
    90.775,
    92.07000000000001,
    93.04666666666667,
    93.34,
    92.81,
    92.61500000000001,
    93.055,
    92.17666666666668,
    94.04499999999999,
    88.785,
    93.12,
    93.18,
    92.495,
    92.11000000000001,
    91.99666666666667,
    92.23666666666668,
    92.90666666666668,
    94.045,
    93.33999999999999,
    92.15333333333335,
    92.37666666666667,
    94.29666666666667,
    10.0,
    92.13,
    93.98666666666666,
    93.485,
    92.36500000000001,
    93.60333333333331,
    92.80666666666666,
    92.16,
    94.195,
    93.225,
    92.94333333333333,
    91.84,
    93.25333333333333,
    94.02,
    92.89,
    92.94666666666667,
    87.58666666666666,
    93.27,
    92.34666666666665,
    91.09,
    93.475,
    92.685,
    93.455,
    93.26666666666665,
    91.96333333333332,
    93.15,
    93.61500000000001,
    88.81666666666666,
    93.08,
    92.06333333333333,
    91.065,
    93.22333333333334,
    92.495,
    86.86,
    92.05000000000001,
    92.28999999999999,
    93.475,
    92.50999999999999,
    93.28999999999999,
    93.785,
    93.08,
    92.08333333333333,
    86.58,
    92.88,
    92.02333333333333,
    92.42,
    93.455,
    93.66,
    89.52999999999999,
    93.89333333333332,
    93.34,
    91.95333333333333,
    92.5,
    92.77333333333333,
    92.33333333333333
  ],
  "action_loss_history": [
    10.465999603271484,
    10.325758934020996,
    10.477614402770996,
    10.260449409484863,
    10.389714241027832,
    10.359308242797852,
    10.376225471496582,
    10.15705394744873,
    10.026308059692383,
    10.400827407836914,
    10.268096923828125,
    10.210212707519531,
    10.292078018188477,
    10.174603462219238,
    10.260784149169922,
    10.393712997436523,
    10.273903846740723,
    10.170439720153809,
    10.147733688354492,
    10.166390419006348,
    10.26184368133545,
    10.315062522888184,
    10.580902099609375,
    9.99502182006836,
    10.164958000183105,
    10.101985931396484,
    9.987959861755371,
    10.139501571655273,
    10.09558391571045,
    9.970952987670898,
    9.922626495361328,
    10.140812873840332,
    10.143301010131836,
    9.97043228149414,
    9.961624145507812,
    10.016786575317383,
    10.127656936645508,
    10.1640625,
    10.277835845947266,
    10.06238842010498,
    10.007164001464844,
    10.217558860778809,
    10.114633560180664,
    10.20168399810791,
    10.02427864074707,
    10.049702644348145,
    9.807578086853027,
    10.098974227905273,
    10.321555137634277,
    10.122127532958984,
    10.346054077148438,
    10.208239555358887,
    10.014373779296875,
    10.224467277526855,
    10.249476432800293,
    10.318643569946289,
    10.189249038696289,
    10.08961296081543,
    9.819452285766602,
    10.081273078918457,
    10.254804611206055,
    10.120805740356445,
    10.12069320678711,
    10.106354713439941,
    10.139925956726074,
    10.038457870483398,
    10.437124252319336,
    10.169692039489746,
    10.223054885864258,
    10.154677391052246,
    9.840442657470703,
    10.186924934387207,
    10.386922836303711,
    9.803924560546875,
    10.371408462524414,
    9.861666679382324,
    10.027463912963867,
    10.160345077514648,
    10.311675071716309,
    9.71786117553711,
    10.429594039916992,
    10.131783485412598,
    10.18116569519043,
    9.884894371032715,
    10.097797393798828,
    10.054640769958496,
    10.228214263916016,
    10.405367851257324,
    10.223344802856445,
    9.82218074798584,
    10.059642791748047,
    9.828804016113281,
    10.175344467163086,
    9.748117446899414,
    9.947166442871094,
    9.969925880432129,
    9.890177726745605,
    9.927258491516113,
    9.619370460510254,
    9.476330757141113
  ],
  "position_loss_history": [
    10.248541831970215,
    10.405996322631836,
    9.988914489746094,
    9.828603744506836,
    10.30797290802002,
    9.994851112365723,
    10.055367469787598,
    10.173086166381836,
    9.879816055297852,
    10.076412200927734,
    10.186047554016113,
    10.293760299682617,
    10.138538360595703,
    10.1991605758667,
    10.106473922729492,
    10.1707181930542,
    10.117742538452148,
    10.032875061035156,
    10.18203067779541,
    10.007492065429688,
    10.137063980102539,
    10.24868106842041,
    9.935297966003418,
    10.231391906738281,
    10.312093734741211,
    10.124399185180664,
    9.966903686523438,
    10.109668731689453,
    10.572064399719238,
    9.99353313446045,
    10.0203275680542,
    10.309974670410156,
    10.135881423950195,
    10.207208633422852,
    10.287873268127441,
    9.949728012084961,
    10.052165031433105,
    10.006711959838867,
    10.420154571533203,
    9.988227844238281,
    9.99869441986084,
    10.201558113098145,
    10.166204452514648,
    10.105372428894043,
    10.071992874145508,
    10.16259765625,
    9.70105266571045,
    10.094240188598633,
    9.862628936767578,
    10.180564880371094,
    9.891962051391602,
    10.138124465942383,
    10.11374568939209,
    9.987545013427734,
    10.207578659057617,
    10.188970565795898,
    9.945404052734375,
    9.960267066955566,
    10.21889591217041,
    9.980843544006348,
    10.134521484375,
    9.801935195922852,
    9.988033294677734,
    10.038128852844238,
    9.925073623657227,
    10.01636791229248,
    9.963415145874023,
    9.966938018798828,
    9.809755325317383,
    9.636930465698242,
    9.853394508361816,
    9.715004920959473,
    10.013973236083984,
    9.816012382507324,
    9.768528938293457,
    9.970174789428711,
    10.204724311828613,
    9.78148078918457,
    9.669184684753418,
    9.883798599243164,
    10.025487899780273,
    9.982629776000977,
    10.194738388061523,
    9.928651809692383,
    9.927594184875488,
    10.059927940368652,
    10.027505874633789,
    9.516263961791992,
    10.182897567749023,
    10.002779006958008,
    9.609370231628418,
    10.061578750610352,
    9.888252258300781,
    9.875243186950684,
    9.965790748596191,
    9.919227600097656,
    9.847613334655762,
    9.834393501281738,
    9.926587104797363,
    9.928863525390625
  ],
  "best_arch_string": "|nor_conv_3x3~0|+|nor_conv_1x1~0|nor_conv_3x3~1|+|skip_connect~0|nor_conv_1x1~1|nor_conv_3x3~2|"
}